{"cameraMode":{"drawMode":0,"name":"Shaded","section":"Shading Mode"},"sceneLighting":true,"audioPlay":false,"sceneViewState":{"showFog":true,"showMaterialUpdate":true,"showSkybox":true,"showFlares":true,"showImageEffects":true,"showParticleSystems":true},"in2DMode":false,"pivot":{"x":6.128491401672363,"y":3.1671018600463869,"z":2.778264045715332},"rotation":{"x":-0.008991430513560772,"y":0.989629864692688,"z":-0.12416080385446549,"w":-0.07166659832000733},"size":7.8730974197387699,"orthographic":false}